{
  "indexes": [
    {
      "collectionGroup": "trips",
      "queryScope": "COLLECTION",
      "fields": [
        {
          "fieldPath": "status",
          "order": "ASCENDING"
        },
        {
          "fieldPath": "startDate",
          "order": "DESCENDING"
        }
      ]
    },
    {
      "collectionGroup": "trips",
      "queryScope": "COLLECTION",
      "fields": [
        {
          "fieldPath": "driverName",
          "order": "ASCENDING"
        },
        {
          "fieldPath": "startDate",
          "order": "DESCENDING"
        }
      ]
    },
    {
      "collectionGroup": "trips",
      "queryScope": "COLLECTION",
      "fields": [
        {
          "fieldPath": "clientName",
          "order": "ASCENDING"
        },
        {
          "fieldPath": "startDate",
          "order": "DESCENDING"
        }
      ]
    },
    {
      "collectionGroup": "diesel",
      "queryScope": "COLLECTION",
      "fields": [
        {
          "fieldPath": "fleetNumber",
          "order": "ASCENDING"
        },
        {
          "fieldPath": "date",
          "order": "DESCENDING"
        }
      ]
    },
    {
      "collectionGroup": "missedLoads",
      "queryScope": "COLLECTION",
      "fields": [
        {
          "fieldPath": "resolutionStatus",
          "order": "ASCENDING"
        },
        {
          "fieldPath": "recordedAt",
          "order": "DESCENDING"
        }
      ]
    }
  ],
  "fieldOverrides": []
}